time_sec,bus_id,stop_idx,onboard,headway_min
0.000000,0,0,0,15.000000
0.000000,1,3,0,0.000000
0.000000,2,6,0,60.000000
0.000000,3,9,0,45.000000
0.000000,4,12,0,30.000000
60.000000,0,0,0,16.000000
60.000000,1,3,0,1.000000
60.000000,2,6,0,61.000000
60.000000,3,9,0,46.000000
60.000000,4,12,0,31.000000
120.000000,0,0,0,17.000000
120.000000,1,3,0,2.000000
120.000000,2,6,0,62.000000
120.000000,3,9,0,47.000000
120.000000,4,12,0,32.000000
180.000000,0,0,0,18.000000
180.000000,1,3,0,3.000000
180.000000,2,6,0,63.000000
180.000000,3,9,0,48.000000
180.000000,4,12,0,33.000000
240.000000,0,0,0,19.000000
240.000000,1,3,0,4.000000
240.000000,2,6,0,64.000000
240.000000,3,9,0,49.000000
240.000000,4,12,0,34.000000
300.000000,0,1,0,20.000000
300.000000,1,3,0,5.000000
300.000000,2,6,0,65.000000
300.000000,3,9,0,50.000000
300.000000,4,12,0,35.000000
360.000000,0,1,16,21.000000
360.000000,1,3,0,0.500000
360.000000,2,6,0,66.000000
360.000000,3,9,0,51.000000
360.000000,4,12,0,36.000000
420.000000,0,1,16,22.000000
420.000000,1,3,0,1.500000
420.000000,2,6,0,67.000000
420.000000,3,9,0,52.000000
420.000000,4,12,0,37.000000
480.000000,0,1,16,23.000000
480.000000,1,3,0,2.500000
480.000000,2,6,0,68.000000
480.000000,3,9,0,53.000000
480.000000,4,12,0,38.000000
540.000000,0,1,16,24.000000
540.000000,1,3,0,3.500000
540.000000,2,6,0,69.000000
540.000000,3,9,0,54.000000
540.000000,4,12,0,39.000000
600.000000,0,1,16,25.000000
600.000000,1,3,0,4.500000
600.000000,2,6,0,70.000000
600.000000,3,9,0,55.000000
600.000000,4,12,0,40.000000
660.000000,0,2,27,26.000000
660.000000,1,3,0,5.500000
660.000000,2,6,0,71.000000
660.000000,3,9,0,56.000000
660.000000,4,12,0,41.000000
720.000000,0,2,57,27.000000
720.000000,1,3,0,6.500000
720.000000,2,6,0,72.000000
720.000000,3,9,0,57.000000
720.000000,4,12,0,42.000000
780.000000,0,2,58,28.000000
780.000000,1,3,0,0.983333
780.000000,2,6,0,73.000000
780.000000,3,9,0,58.000000
780.000000,4,12,0,43.000000
840.000000,0,2,58,29.000000
840.000000,1,3,0,1.983333
840.000000,2,6,0,74.000000
840.000000,3,9,0,59.000000
840.000000,4,12,0,44.000000
900.000000,0,2,58,30.000000
900.000000,1,3,0,2.983333
900.000000,2,6,0,0.000000
900.000000,3,9,0,60.000000
900.000000,4,12,0,45.000000
960.000000,0,2,58,31.000000
960.000000,1,3,30,3.983333
960.000000,2,6,0,1.000000
960.000000,3,9,0,61.000000
960.000000,4,12,0,46.000000
1020.000000,0,2,58,32.000000
1020.000000,1,3,41,4.983333
1020.000000,2,6,0,0.666667
1020.000000,3,9,0,62.000000
1020.000000,4,12,0,47.000000
1080.000000,0,3,49,33.000000
1080.000000,1,3,41,0.816667
1080.000000,2,6,0,1.666667
1080.000000,3,9,0,63.000000
1080.000000,4,12,0,48.000000
1140.000000,0,3,49,34.000000
1140.000000,1,3,41,1.816667
1140.000000,2,6,0,2.666667
1140.000000,3,9,0,64.000000
1140.000000,4,12,0,49.000000
1200.000000,0,3,49,35.000000
1200.000000,1,3,41,2.816667
1200.000000,2,6,0,3.666667
1200.000000,3,9,0,65.000000
1200.000000,4,12,0,50.000000
1260.000000,0,3,49,36.000000
1260.000000,1,3,41,3.816667
1260.000000,2,6,0,4.666667
1260.000000,3,9,0,66.000000
1260.000000,4,12,0,51.000000
1320.000000,0,3,49,37.000000
1320.000000,1,4,51,4.816667
1320.000000,2,6,0,5.666667
1320.000000,3,9,0,67.000000
1320.000000,4,12,0,52.000000
1380.000000,0,4,52,38.000000
1380.000000,1,4,76,0.150000
1380.000000,2,6,0,0.150000
1380.000000,3,9,0,68.000000
1380.000000,4,12,0,53.000000
1440.000000,0,4,52,39.000000
1440.000000,1,4,76,1.150000
1440.000000,2,6,0,1.150000
1440.000000,3,9,0,69.000000
1440.000000,4,12,0,54.000000
1500.000000,0,4,52,40.000000
1500.000000,1,4,76,2.150000
1500.000000,2,6,0,2.150000
1500.000000,3,9,0,70.000000
1500.000000,4,12,0,55.000000
1560.000000,0,4,52,41.000000
1560.000000,1,4,76,3.150000
1560.000000,2,6,0,3.150000
1560.000000,3,9,0,71.000000
1560.000000,4,12,0,56.000000
1620.000000,0,4,52,42.000000
1620.000000,1,4,76,4.150000
1620.000000,2,6,0,4.150000
1620.000000,3,9,0,72.000000
1620.000000,4,12,0,57.000000
1680.000000,0,5,39,43.000000
1680.000000,1,5,63,5.150000
1680.000000,2,6,0,5.150000
1680.000000,3,9,0,73.000000
1680.000000,4,12,0,58.000000
1740.000000,0,5,67,44.000000
1740.000000,1,5,91,6.150000
1740.000000,2,6,0,6.150000
1740.000000,3,9,0,74.000000
1740.000000,4,12,0,59.000000
1800.000000,0,5,75,45.000000
1800.000000,1,5,98,0.766667
1800.000000,2,6,0,0.766667
1800.000000,3,9,0,0.000000
1800.000000,4,12,0,60.000000
1860.000000,0,5,75,46.000000
1860.000000,1,5,98,1.766667
1860.000000,2,6,30,1.766667
1860.000000,3,9,0,1.000000
1860.000000,4,12,0,61.000000
1920.000000,0,5,75,47.000000
1920.000000,1,5,98,2.766667
1920.000000,2,6,60,2.766667
1920.000000,3,9,0,2.000000
1920.000000,4,12,0,62.000000
1980.000000,0,5,75,48.000000
1980.000000,1,5,98,3.766667
1980.000000,2,6,90,3.766667
1980.000000,3,9,0,3.000000
1980.000000,4,12,0,63.000000
2040.000000,0,5,75,49.000000
2040.000000,1,5,98,4.766667
2040.000000,2,6,91,4.766667
2040.000000,3,9,0,1.000000
2040.000000,4,12,0,64.000000
2100.000000,0,6,63,50.000000
2100.000000,1,6,88,0.516667
2100.000000,2,6,91,0.533333
2100.000000,3,9,0,2.000000
2100.000000,4,12,0,65.000000
2160.000000,0,6,63,51.000000
2160.000000,1,6,88,1.516667
2160.000000,2,6,91,1.533333
2160.000000,3,9,0,3.000000
2160.000000,4,12,0,66.000000
2220.000000,0,6,63,52.000000
2220.000000,1,6,88,2.516667
2220.000000,2,6,91,2.533333
2220.000000,3,9,0,4.000000
2220.000000,4,12,0,67.000000
2280.000000,0,6,63,53.000000
2280.000000,1,6,88,3.516667
2280.000000,2,6,91,3.533333
2280.000000,3,9,0,5.000000
2280.000000,4,12,0,68.000000
2340.000000,0,6,63,54.000000
2340.000000,1,6,88,4.516667
2340.000000,2,7,87,4.533333
2340.000000,3,9,0,6.000000
2340.000000,4,12,0,69.000000
2400.000000,0,7,57,55.000000
2400.000000,1,7,78,5.516667
2400.000000,2,7,117,5.533333
2400.000000,3,9,0,7.000000
2400.000000,4,12,0,70.000000
2460.000000,0,7,71,56.000000
2460.000000,1,7,92,0.533333
2460.000000,2,7,131,0.500000
2460.000000,3,9,0,0.516667
2460.000000,4,12,0,71.000000
2520.000000,0,7,71,57.000000
2520.000000,1,7,92,1.533333
2520.000000,2,7,131,1.500000
2520.000000,3,9,0,1.516667
2520.000000,4,12,0,72.000000
2580.000000,0,7,71,58.000000
2580.000000,1,7,92,2.533333
2580.000000,2,7,131,2.500000
2580.000000,3,9,0,2.516667
2580.000000,4,12,0,73.000000
2640.000000,0,7,71,59.000000
2640.000000,1,7,92,3.533333
2640.000000,2,7,131,3.500000
2640.000000,3,9,0,3.516667
2640.000000,4,12,0,74.000000
2700.000000,0,7,71,60.000000
2700.000000,1,7,92,4.533333
2700.000000,2,7,131,4.500000
2700.000000,3,9,0,4.516667
2700.000000,4,12,0,0.000000
2760.000000,0,8,66,61.000000
2760.000000,1,8,70,5.533333
2760.000000,2,8,115,5.500000
2760.000000,3,9,30,5.516667
2760.000000,4,12,0,1.000000
2820.000000,0,8,96,62.000000
2820.000000,1,8,100,6.533333
2820.000000,2,8,145,6.500000
2820.000000,3,9,60,6.516667
2820.000000,4,12,0,2.000000
2880.000000,0,8,99,63.000000
2880.000000,1,8,103,0.900000
2880.000000,2,8,148,0.916667
2880.000000,3,9,90,0.900000
2880.000000,4,12,0,3.000000
2940.000000,0,8,99,64.000000
2940.000000,1,8,103,1.900000
2940.000000,2,8,148,1.916667
2940.000000,3,9,120,1.900000
2940.000000,4,12,0,0.033333
3000.000000,0,8,99,65.000000
3000.000000,1,8,103,2.900000
3000.000000,2,8,148,2.916667
3000.000000,3,9,120,2.900000
3000.000000,4,12,0,1.033333
3060.000000,0,8,99,66.000000
3060.000000,1,8,103,3.900000
3060.000000,2,8,148,3.916667
3060.000000,3,9,120,3.900000
3060.000000,4,12,0,2.033333
3120.000000,0,8,99,67.000000
3120.000000,1,8,103,4.900000
3120.000000,2,8,148,4.916667
3120.000000,3,9,120,4.900000
3120.000000,4,12,0,3.033333
3180.000000,0,9,84,68.000000
3180.000000,1,9,85,0.450000
3180.000000,2,9,122,0.450000
3180.000000,3,9,120,0.416667
3180.000000,4,12,0,4.033333
3240.000000,0,9,84,69.000000
3240.000000,1,9,85,1.450000
3240.000000,2,9,122,1.450000
3240.000000,3,10,94,1.416667
3240.000000,4,12,0,5.033333
3300.000000,0,9,84,70.000000
3300.000000,1,9,85,2.450000
3300.000000,2,9,122,2.450000
3300.000000,3,10,112,2.416667
3300.000000,4,12,0,6.033333
3360.000000,0,9,84,71.000000
3360.000000,1,9,85,3.450000
3360.000000,2,9,122,3.450000
3360.000000,3,10,142,3.416667
3360.000000,4,12,0,7.033333
3420.000000,0,9,84,72.000000
3420.000000,1,9,85,4.450000
3420.000000,2,9,122,4.450000
3420.000000,3,10,172,4.416667
3420.000000,4,12,0,8.033333
3480.000000,0,10,81,73.000000
3480.000000,1,10,72,5.450000
3480.000000,2,10,103,5.450000
3480.000000,3,10,202,5.416667
3480.000000,4,12,0,9.033333
3540.000000,0,10,84,74.000000
3540.000000,1,10,76,0.900000
3540.000000,2,10,107,0.883333
3540.000000,3,10,205,0.900000
3540.000000,4,12,0,0.900000
3600.000000,0,10,84,0.000000
3600.000000,1,10,76,1.900000
3600.000000,2,10,107,1.883333
3600.000000,3,10,205,1.900000
3600.000000,4,12,0,1.900000
3660.000000,0,10,84,1.000000
3660.000000,1,10,76,2.900000
3660.000000,2,10,107,2.883333
3660.000000,3,10,205,2.900000
3660.000000,4,12,30,2.900000
3720.000000,0,10,84,2.000000
3720.000000,1,10,76,3.900000
3720.000000,2,10,107,3.883333
3720.000000,3,10,205,3.900000
3720.000000,4,12,60,3.900000
3780.000000,0,10,84,3.000000
3780.000000,1,10,76,4.900000
3780.000000,2,10,107,4.883333
3780.000000,3,10,205,4.900000
3780.000000,4,12,90,4.900000
3840.000000,0,11,93,4.000000
3840.000000,1,11,79,5.900000
3840.000000,2,11,86,5.883333
3840.000000,3,11,171,5.900000
3840.000000,4,12,120,5.900000
3900.000000,0,11,119,0.033333
3900.000000,1,11,104,0.166667
3900.000000,2,11,113,0.150000
3900.000000,3,11,196,0.133333
3900.000000,4,12,150,0.150000
3960.000000,0,11,119,1.033333
3960.000000,1,11,104,1.166667
3960.000000,2,11,113,1.150000
3960.000000,3,11,196,1.133333
3960.000000,4,12,150,1.150000
4020.000000,0,11,119,2.033333
4020.000000,1,11,104,2.166667
4020.000000,2,11,113,2.150000
4020.000000,3,11,196,2.133333
4020.000000,4,12,150,2.150000
4080.000000,0,11,119,3.033333
4080.000000,1,11,104,3.166667
4080.000000,2,11,113,3.150000
4080.000000,3,11,196,3.133333
4080.000000,4,12,150,3.150000
4140.000000,0,11,119,4.033333
4140.000000,1,11,104,4.166667
4140.000000,2,11,113,4.150000
4140.000000,3,11,196,4.133333
4140.000000,4,12,150,4.150000
4200.000000,0,12,93,5.033333
4200.000000,1,12,83,5.166667
4200.000000,2,12,88,5.150000
4200.000000,3,12,145,5.133333
4200.000000,4,13,124,5.150000
4260.000000,0,12,99,6.033333
4260.000000,1,12,91,0.533333
4260.000000,2,12,94,0.566667
4260.000000,3,12,146,0.550000
4260.000000,4,13,142,0.300000
4320.000000,0,12,99,7.033333
4320.000000,1,12,91,1.533333
4320.000000,2,12,94,1.566667
4320.000000,3,12,146,1.550000
4320.000000,4,13,172,1.300000
4380.000000,0,12,99,8.033333
4380.000000,1,12,91,2.533333
4380.000000,2,12,94,2.566667
4380.000000,3,12,146,2.550000
4380.000000,4,13,202,2.300000
4440.000000,0,12,99,9.033333
4440.000000,1,12,91,3.533333
4440.000000,2,12,94,3.566667
4440.000000,3,12,146,3.550000
4440.000000,4,13,232,3.300000
4500.000000,0,12,99,10.033333
4500.000000,1,12,91,4.533333
4500.000000,2,12,94,4.566667
4500.000000,3,12,146,4.550000
4500.000000,4,13,262,4.300000
4560.000000,0,13,94,11.033333
4560.000000,1,13,75,5.533333
4560.000000,2,13,78,5.566667
4560.000000,3,13,109,5.550000
4560.000000,4,13,292,5.300000
4620.000000,0,13,96,0.966667
4620.000000,1,13,77,0.966667
4620.000000,2,13,79,0.933333
4620.000000,3,13,110,0.950000
4620.000000,4,13,293,0.683333
4680.000000,0,13,96,1.966667
4680.000000,1,13,77,1.966667
4680.000000,2,13,79,1.933333
4680.000000,3,13,110,1.950000
4680.000000,4,13,293,1.683333
4740.000000,0,13,96,2.966667
4740.000000,1,13,77,2.966667
4740.000000,2,13,79,2.933333
4740.000000,3,13,110,2.950000
4740.000000,4,13,293,2.683333
4800.000000,0,13,96,3.966667
4800.000000,1,13,77,3.966667
4800.000000,2,13,79,3.933333
4800.000000,3,13,110,3.950000
4800.000000,4,13,293,3.683333
4860.000000,0,13,96,4.966667
4860.000000,1,13,77,4.966667
4860.000000,2,13,79,4.933333
4860.000000,3,13,110,4.950000
4860.000000,4,13,293,4.683333
4920.000000,0,14,88,5.966667
4920.000000,1,14,84,5.966667
4920.000000,2,14,73,5.933333
4920.000000,3,14,96,5.950000
4920.000000,4,14,234,5.683333
4980.000000,0,14,117,0.016667
4980.000000,1,14,114,0.016667
4980.000000,2,14,103,6.933333
4980.000000,3,14,126,6.950000
4980.000000,4,14,264,6.683333
5040.000000,0,14,117,1.016667
5040.000000,1,14,114,1.016667
5040.000000,2,14,103,1.000000
5040.000000,3,14,126,1.000000
5040.000000,4,14,264,1.000000
5100.000000,0,14,117,2.016667
5100.000000,1,14,114,2.016667
5100.000000,2,14,103,2.000000
5100.000000,3,14,126,2.000000
5100.000000,4,14,264,2.000000
5160.000000,0,14,117,3.016667
5160.000000,1,14,114,3.016667
5160.000000,2,14,103,3.000000
5160.000000,3,14,126,3.000000
5160.000000,4,14,264,3.000000
5220.000000,0,14,117,4.016667
5220.000000,1,14,114,4.016667
5220.000000,2,14,103,4.000000
5220.000000,3,14,126,4.000000
5220.000000,4,14,264,4.000000
5280.000000,0,0,94,5.016667
5280.000000,1,14,114,5.016667
5280.000000,2,14,103,5.000000
5280.000000,3,14,126,5.000000
5280.000000,4,0,215,5.000000
5340.000000,0,0,114,6.016667
5340.000000,1,0,115,6.016667
5340.000000,2,0,111,6.000000
5340.000000,3,0,118,6.000000
5340.000000,4,0,222,6.000000
5400.000000,0,0,141,0.100000
5400.000000,1,0,142,0.066667
5400.000000,2,0,138,0.100000
5400.000000,3,0,145,0.083333
5400.000000,4,0,248,0.066667
5460.000000,0,0,141,1.100000
5460.000000,1,0,142,1.066667
5460.000000,2,0,138,1.100000
5460.000000,3,0,145,1.083333
5460.000000,4,0,248,1.066667
5520.000000,0,0,141,2.100000
5520.000000,1,0,142,2.066667
5520.000000,2,0,138,2.100000
5520.000000,3,0,145,2.083333
5520.000000,4,0,248,2.066667
5580.000000,0,0,141,3.100000
5580.000000,1,0,142,3.066667
5580.000000,2,0,138,3.100000
5580.000000,3,0,145,3.083333
5580.000000,4,0,248,3.066667
5640.000000,0,0,141,4.100000
5640.000000,1,0,142,4.066667
5640.000000,2,0,138,4.100000
5640.000000,3,0,145,4.083333
5640.000000,4,0,248,4.066667
5700.000000,0,1,115,5.100000
5700.000000,1,1,114,5.066667
5700.000000,2,1,105,5.100000
5700.000000,3,1,121,5.083333
5700.000000,4,1,204,5.066667
5760.000000,0,1,135,6.100000
5760.000000,1,1,134,6.066667
5760.000000,2,1,122,6.100000
5760.000000,3,1,142,6.083333
5760.000000,4,1,216,6.066667
5820.000000,0,1,159,0.166667
5820.000000,1,1,158,0.166667
5820.000000,2,1,147,0.166667
5820.000000,3,1,166,0.166667
5820.000000,4,1,240,0.166667
5880.000000,0,1,159,1.166667
5880.000000,1,1,158,1.166667
5880.000000,2,1,147,1.166667
5880.000000,3,1,166,1.166667
5880.000000,4,1,240,1.166667
5940.000000,0,1,159,2.166667
5940.000000,1,1,158,2.166667
5940.000000,2,1,147,2.166667
5940.000000,3,1,166,2.166667
5940.000000,4,1,240,2.166667
6000.000000,0,1,159,3.166667
6000.000000,1,1,158,3.166667
6000.000000,2,1,147,3.166667
6000.000000,3,1,166,3.166667
6000.000000,4,1,240,3.166667
6060.000000,0,1,159,4.166667
6060.000000,1,1,158,4.166667
6060.000000,2,1,147,4.166667
6060.000000,3,1,166,4.166667
6060.000000,4,1,240,4.166667
6120.000000,0,2,132,5.166667
6120.000000,1,2,134,5.166667
6120.000000,2,2,109,5.166667
6120.000000,3,2,134,5.166667
6120.000000,4,2,188,5.166667
6180.000000,0,2,154,6.166667
6180.000000,1,2,157,6.166667
6180.000000,2,2,125,6.166667
6180.000000,3,2,153,6.166667
6180.000000,4,2,197,6.166667
6240.000000,0,2,181,0.100000
6240.000000,1,2,185,0.083333
6240.000000,2,2,152,0.100000
6240.000000,3,2,181,0.100000
6240.000000,4,2,224,0.066667
6300.000000,0,2,181,1.100000
6300.000000,1,2,185,1.083333
6300.000000,2,2,152,1.100000
6300.000000,3,2,181,1.100000
6300.000000,4,2,224,1.066667
6360.000000,0,2,181,2.100000
6360.000000,1,2,185,2.083333
6360.000000,2,2,152,2.100000
6360.000000,3,2,181,2.100000
6360.000000,4,2,224,2.066667
6420.000000,0,2,181,3.100000
6420.000000,1,2,185,3.083333
6420.000000,2,2,152,3.100000
6420.000000,3,2,181,3.100000
6420.000000,4,2,224,3.066667
6480.000000,0,2,181,4.100000
6480.000000,1,2,185,4.083333
6480.000000,2,2,152,4.100000
6480.000000,3,2,181,4.100000
6480.000000,4,2,224,4.066667
6540.000000,0,3,137,5.100000
6540.000000,1,3,147,5.083333
6540.000000,2,3,121,5.100000
6540.000000,3,3,147,5.100000
6540.000000,4,3,173,5.066667
6600.000000,0,3,148,6.100000
6600.000000,1,3,161,6.083333
6600.000000,2,3,139,6.100000
6600.000000,3,3,162,6.100000
6600.000000,4,3,181,6.066667
6660.000000,0,3,178,7.100000
6660.000000,1,3,191,7.083333
6660.000000,2,3,169,7.100000
6660.000000,3,3,192,7.100000
6660.000000,4,3,211,7.066667
6720.000000,0,3,181,0.883333
6720.000000,1,3,195,0.883333
6720.000000,2,3,172,0.866667
6720.000000,3,3,196,0.883333
6720.000000,4,3,214,0.900000
6780.000000,0,3,181,1.883333
6780.000000,1,3,195,1.883333
6780.000000,2,3,172,1.866667
6780.000000,3,3,196,1.883333
6780.000000,4,3,214,1.900000
6840.000000,0,3,181,2.883333
6840.000000,1,3,195,2.883333
6840.000000,2,3,172,2.866667
6840.000000,3,3,196,2.883333
6840.000000,4,3,214,2.900000
6900.000000,0,3,181,3.883333
6900.000000,1,3,195,3.883333
6900.000000,2,3,172,3.866667
6900.000000,3,3,196,3.883333
6900.000000,4,3,214,3.900000
6960.000000,0,3,181,4.883333
6960.000000,1,3,195,4.883333
6960.000000,2,3,172,4.866667
6960.000000,3,3,196,4.883333
6960.000000,4,3,214,4.900000
7020.000000,0,4,151,5.883333
7020.000000,1,4,161,5.883333
7020.000000,2,4,134,5.866667
7020.000000,3,4,169,5.883333
7020.000000,4,4,185,5.900000
7080.000000,0,4,181,6.883333
7080.000000,1,4,191,6.883333
7080.000000,2,4,164,6.866667
7080.000000,3,4,199,6.883333
7080.000000,4,4,215,6.900000
7140.000000,0,4,189,0.733333
7140.000000,1,4,199,0.716667
7140.000000,2,4,173,0.733333
7140.000000,3,4,207,0.733333
7140.000000,4,4,223,0.733333
7200.000000,0,4,189,1.733333
7200.000000,1,4,199,1.716667
7200.000000,2,4,173,1.733333
7200.000000,3,4,207,1.733333
7200.000000,4,4,223,1.733333
7260.000000,0,4,189,2.733333
7260.000000,1,4,199,2.716667
7260.000000,2,4,173,2.733333
7260.000000,3,4,207,2.733333
7260.000000,4,4,223,2.733333
7320.000000,0,4,189,3.733333
7320.000000,1,4,199,3.716667
7320.000000,2,4,173,3.733333
7320.000000,3,4,207,3.733333
7320.000000,4,4,223,3.733333
7380.000000,0,4,189,4.733333
7380.000000,1,4,199,4.716667
7380.000000,2,4,173,4.733333
7380.000000,3,4,207,4.733333
7380.000000,4,4,223,4.733333
7440.000000,0,5,148,5.733333
7440.000000,1,5,157,5.716667
7440.000000,2,5,147,5.733333
7440.000000,3,5,161,5.733333
7440.000000,4,5,172,5.733333
7500.000000,0,5,178,6.733333
7500.000000,1,5,187,6.716667
7500.000000,2,5,177,6.733333
7500.000000,3,5,190,6.733333
7500.000000,4,5,199,6.733333
7560.000000,0,5,191,0.583333
7560.000000,1,5,200,0.550000
7560.000000,2,5,190,0.550000
7560.000000,3,5,203,0.566667
7560.000000,4,5,212,0.566667
7620.000000,0,5,191,1.583333
7620.000000,1,5,200,1.550000
7620.000000,2,5,190,1.550000
7620.000000,3,5,203,1.566667
7620.000000,4,5,212,1.566667
7680.000000,0,5,191,2.583333
7680.000000,1,5,200,2.550000
7680.000000,2,5,190,2.550000
7680.000000,3,5,203,2.566667
7680.000000,4,5,212,2.566667
7740.000000,0,5,191,3.583333
7740.000000,1,5,200,3.550000
7740.000000,2,5,190,3.550000
7740.000000,3,5,203,3.566667
7740.000000,4,5,212,3.566667
7800.000000,0,5,191,4.583333
7800.000000,1,5,200,4.550000
7800.000000,2,5,190,4.550000
7800.000000,3,5,203,4.566667
7800.000000,4,5,212,4.566667
7860.000000,0,6,150,5.583333
7860.000000,1,6,151,5.550000
7860.000000,2,6,149,5.550000
7860.000000,3,6,158,5.566667
7860.000000,4,6,179,5.566667
7920.000000,0,6,176,6.583333
7920.000000,1,6,173,6.550000
7920.000000,2,6,176,6.550000
7920.000000,3,6,183,6.566667
7920.000000,4,6,209,6.566667
7980.000000,0,6,198,0.283333
7980.000000,1,6,194,0.300000
7980.000000,2,6,197,0.300000
7980.000000,3,6,204,0.283333
7980.000000,4,6,230,0.283333
8040.000000,0,6,198,1.283333
8040.000000,1,6,194,1.300000
8040.000000,2,6,197,1.300000
8040.000000,3,6,204,1.283333
8040.000000,4,6,230,1.283333
8100.000000,0,6,198,2.283333
8100.000000,1,6,194,2.300000
8100.000000,2,6,197,2.300000
8100.000000,3,6,204,2.283333
8100.000000,4,6,230,2.283333
8160.000000,0,6,198,3.283333
8160.000000,1,6,194,3.300000
8160.000000,2,6,197,3.300000
8160.000000,3,6,204,3.283333
8160.000000,4,6,230,3.283333
8220.000000,0,6,198,4.283333
8220.000000,1,6,194,4.300000
8220.000000,2,6,197,4.300000
8220.000000,3,6,204,4.283333
8220.000000,4,6,230,4.283333
8280.000000,0,7,152,5.283333
8280.000000,1,7,150,5.300000
8280.000000,2,7,160,5.300000
8280.000000,3,7,164,5.283333
8280.000000,4,7,194,5.283333
8340.000000,0,7,169,6.283333
8340.000000,1,7,168,6.300000
8340.000000,2,7,181,6.300000
8340.000000,3,7,183,6.283333
8340.000000,4,7,215,6.283333
8400.000000,0,7,198,7.283333
8400.000000,1,7,197,7.300000
8400.000000,2,7,210,7.300000
8400.000000,3,7,213,7.283333
8400.000000,4,7,245,7.283333
8460.000000,0,7,204,0.816667
8460.000000,1,7,202,0.833333
8460.000000,2,7,215,0.833333
8460.000000,3,7,218,0.833333
8460.000000,4,7,250,0.816667
8520.000000,0,7,204,1.816667
8520.000000,1,7,202,1.833333
8520.000000,2,7,215,1.833333
8520.000000,3,7,218,1.833333
8520.000000,4,7,250,1.816667
8580.000000,0,7,204,2.816667
8580.000000,1,7,202,2.833333
8580.000000,2,7,215,2.833333
8580.000000,3,7,218,2.833333
8580.000000,4,7,250,2.816667
8640.000000,0,7,204,3.816667
8640.000000,1,7,202,3.833333
8640.000000,2,7,215,3.833333
8640.000000,3,7,218,3.833333
8640.000000,4,7,250,3.816667
8700.000000,0,7,204,4.816667
8700.000000,1,7,202,4.833333
8700.000000,2,7,215,4.833333
8700.000000,3,7,218,4.833333
8700.000000,4,7,250,4.816667
8760.000000,0,8,172,5.816667
8760.000000,1,8,164,5.833333
8760.000000,2,8,164,5.833333
8760.000000,3,8,183,5.833333
8760.000000,4,8,204,5.816667
8820.000000,0,8,202,6.816667
8820.000000,1,8,194,6.833333
8820.000000,2,8,194,6.833333
8820.000000,3,8,213,6.833333
8820.000000,4,8,234,6.816667
8880.000000,0,8,219,0.433333
8880.000000,1,8,211,0.433333
8880.000000,2,8,210,0.433333
8880.000000,3,8,230,0.450000
8880.000000,4,8,251,0.450000
8940.000000,0,8,219,1.433333
8940.000000,1,8,211,1.433333
8940.000000,2,8,210,1.433333
8940.000000,3,8,230,1.450000
8940.000000,4,8,251,1.450000
9000.000000,0,8,219,2.433333
9000.000000,1,8,211,2.433333
9000.000000,2,8,210,2.433333
9000.000000,3,8,230,2.450000
9000.000000,4,8,251,2.450000
9060.000000,0,8,219,3.433333
9060.000000,1,8,211,3.433333
9060.000000,2,8,210,3.433333
9060.000000,3,8,230,3.450000
9060.000000,4,8,251,3.450000
9120.000000,0,8,219,4.433333
9120.000000,1,8,211,4.433333
9120.000000,2,8,210,4.433333
9120.000000,3,8,230,4.450000
9120.000000,4,8,251,4.450000
9180.000000,0,9,161,5.433333
9180.000000,1,9,168,5.433333
9180.000000,2,9,166,5.433333
9180.000000,3,9,189,5.450000
9180.000000,4,9,218,5.450000
9240.000000,0,9,176,6.433333
9240.000000,1,9,190,6.433333
9240.000000,2,9,188,6.433333
9240.000000,3,9,213,6.450000
9240.000000,4,9,245,6.450000
9300.000000,0,9,204,0.050000
9300.000000,1,9,219,0.033333
9300.000000,2,9,216,0.050000
9300.000000,3,9,241,0.050000
9300.000000,4,9,273,0.033333
9360.000000,0,9,204,1.050000
9360.000000,1,9,219,1.033333
9360.000000,2,9,216,1.050000
9360.000000,3,9,241,1.050000
9360.000000,4,9,273,1.033333
9420.000000,0,9,204,2.050000
9420.000000,1,9,219,2.033333
9420.000000,2,9,216,2.050000
9420.000000,3,9,241,2.050000
9420.000000,4,9,273,2.033333
9480.000000,0,9,204,3.050000
9480.000000,1,9,219,3.033333
9480.000000,2,9,216,3.050000
9480.000000,3,9,241,3.050000
9480.000000,4,9,273,3.033333
9540.000000,0,9,204,4.050000
9540.000000,1,9,219,4.033333
9540.000000,2,9,216,4.050000
9540.000000,3,9,241,4.050000
9540.000000,4,9,273,4.033333
9600.000000,0,10,164,5.050000
9600.000000,1,10,181,5.033333
9600.000000,2,10,166,5.050000
9600.000000,3,10,178,5.050000
9600.000000,4,10,224,5.033333
9660.000000,0,10,176,6.050000
9660.000000,1,10,194,6.033333
9660.000000,2,10,173,6.050000
9660.000000,3,10,178,6.050000
9660.000000,4,10,232,6.033333
9720.000000,0,10,206,7.050000
9720.000000,1,10,224,7.033333
9720.000000,2,10,203,7.050000
9720.000000,3,10,208,7.050000
9720.000000,4,10,262,7.033333
9780.000000,0,10,225,0.333333
9780.000000,1,10,244,0.333333
9780.000000,2,10,223,0.316667
9780.000000,3,10,228,0.316667
9780.000000,4,10,281,0.350000
9840.000000,0,10,225,1.333333
9840.000000,1,10,244,1.333333
9840.000000,2,10,223,1.316667
9840.000000,3,10,228,1.316667
9840.000000,4,10,281,1.350000
9900.000000,0,10,225,2.333333
9900.000000,1,10,244,2.333333
9900.000000,2,10,223,2.316667
9900.000000,3,10,228,2.316667
9900.000000,4,10,281,2.350000
9960.000000,0,10,225,3.333333
9960.000000,1,10,244,3.333333
9960.000000,2,10,223,3.316667
9960.000000,3,10,228,3.316667
9960.000000,4,10,281,3.350000
10020.000000,0,10,225,4.333333
10020.000000,1,10,244,4.333333
10020.000000,2,10,223,4.316667
10020.000000,3,10,228,4.316667
10020.000000,4,10,281,4.350000
10080.000000,0,11,189,5.333333
10080.000000,1,11,197,5.333333
10080.000000,2,11,187,5.316667
10080.000000,3,11,183,5.316667
10080.000000,4,11,219,5.350000
10140.000000,0,11,212,6.333333
10140.000000,1,11,214,6.333333
10140.000000,2,11,209,6.316667
10140.000000,3,11,202,6.316667
10140.000000,4,11,229,6.350000
10200.000000,0,11,242,7.333333
10200.000000,1,11,244,7.333333
10200.000000,2,11,239,7.316667
10200.000000,3,11,232,7.316667
10200.000000,4,11,259,7.350000
10260.000000,0,11,247,0.800000
10260.000000,1,11,249,0.800000
10260.000000,2,11,245,0.800000
10260.000000,3,11,237,0.816667
10260.000000,4,11,264,0.800000
10320.000000,0,11,247,1.800000
10320.000000,1,11,249,1.800000
10320.000000,2,11,245,1.800000
10320.000000,3,11,237,1.816667
10320.000000,4,11,264,1.800000
10380.000000,0,11,247,2.800000
10380.000000,1,11,249,2.800000
10380.000000,2,11,245,2.800000
10380.000000,3,11,237,2.816667
10380.000000,4,11,264,2.800000
10440.000000,0,11,247,3.800000
10440.000000,1,11,249,3.800000
10440.000000,2,11,245,3.800000
10440.000000,3,11,237,3.816667
10440.000000,4,11,264,3.800000
10500.000000,0,11,247,4.800000
10500.000000,1,11,249,4.800000
10500.000000,2,11,245,4.800000
10500.000000,3,11,237,4.816667
10500.000000,4,11,264,4.800000
10560.000000,0,12,195,5.800000
10560.000000,1,12,195,5.800000
10560.000000,2,12,196,5.800000
10560.000000,3,12,185,5.816667
10560.000000,4,12,210,5.800000
10620.000000,0,12,224,6.800000
10620.000000,1,12,223,6.800000
10620.000000,2,12,227,6.800000
10620.000000,3,12,214,6.816667
10620.000000,4,12,238,6.800000
10680.000000,0,12,249,0.166667
10680.000000,1,12,248,0.133333
10680.000000,2,12,252,0.133333
10680.000000,3,12,239,0.133333
10680.000000,4,12,263,0.133333
10740.000000,0,12,249,1.166667
10740.000000,1,12,248,1.133333
10740.000000,2,12,252,1.133333
10740.000000,3,12,239,1.133333
10740.000000,4,12,263,1.133333
10800.000000,0,12,249,2.166667
10800.000000,1,12,248,2.133333
10800.000000,2,12,252,2.133333
10800.000000,3,12,239,2.133333
10800.000000,4,12,263,2.133333
10860.000000,0,12,249,3.166667
10860.000000,1,12,248,3.133333
10860.000000,2,12,252,3.133333
10860.000000,3,12,239,3.133333
10860.000000,4,12,263,3.133333
10920.000000,0,12,249,4.166667
10920.000000,1,12,248,4.133333
10920.000000,2,12,252,4.133333
10920.000000,3,12,239,4.133333
10920.000000,4,12,263,4.133333
10980.000000,0,13,196,5.166667
10980.000000,1,13,204,5.133333
10980.000000,2,13,206,5.133333
10980.000000,3,13,205,5.133333
10980.000000,4,13,204,5.133333
11040.000000,0,13,204,6.166667
11040.000000,1,13,217,6.133333
11040.000000,2,13,218,6.133333
11040.000000,3,13,223,6.133333
11040.000000,4,13,210,6.133333
11100.000000,0,13,234,7.166667
11100.000000,1,13,247,7.133333
11100.000000,2,13,248,7.133333
11100.000000,3,13,253,7.133333
11100.000000,4,13,240,7.133333
11160.000000,0,13,245,0.616667
11160.000000,1,13,257,0.616667
11160.000000,2,13,258,0.633333
11160.000000,3,13,264,0.633333
11160.000000,4,13,251,0.633333
11220.000000,0,13,245,1.616667
11220.000000,1,13,257,1.616667
11220.000000,2,13,258,1.633333
11220.000000,3,13,264,1.633333
11220.000000,4,13,251,1.633333
11280.000000,0,13,245,2.616667
11280.000000,1,13,257,2.616667
11280.000000,2,13,258,2.633333
11280.000000,3,13,264,2.633333
11280.000000,4,13,251,2.633333
11340.000000,0,13,245,3.616667
11340.000000,1,13,257,3.616667
11340.000000,2,13,258,3.633333
11340.000000,3,13,264,3.633333
11340.000000,4,13,251,3.633333
11400.000000,0,13,245,4.616667
11400.000000,1,13,257,4.616667
11400.000000,2,13,258,4.633333
11400.000000,3,13,264,4.633333
11400.000000,4,13,251,4.633333
11460.000000,0,14,186,5.616667
11460.000000,1,14,211,5.616667
11460.000000,2,14,209,5.633333
11460.000000,3,14,218,5.633333
11460.000000,4,14,210,5.633333
11520.000000,0,14,205,6.616667
11520.000000,1,14,237,6.616667
11520.000000,2,14,234,6.633333
11520.000000,3,14,244,6.633333
11520.000000,4,14,238,6.633333
11580.000000,0,14,232,0.133333
11580.000000,1,14,263,0.100000
11580.000000,2,14,260,0.133333
11580.000000,3,14,271,0.116667
11580.000000,4,14,265,0.100000
11640.000000,0,14,232,1.133333
11640.000000,1,14,263,1.100000
11640.000000,2,14,260,1.133333
11640.000000,3,14,271,1.116667
11640.000000,4,14,265,1.100000
11700.000000,0,14,232,2.133333
11700.000000,1,14,263,2.100000
11700.000000,2,14,260,2.133333
11700.000000,3,14,271,2.116667
11700.000000,4,14,265,2.100000
11760.000000,0,14,232,3.133333
11760.000000,1,14,263,3.100000
11760.000000,2,14,260,3.133333
11760.000000,3,14,271,3.116667
11760.000000,4,14,265,3.100000
11820.000000,0,14,232,4.133333
11820.000000,1,14,263,4.100000
11820.000000,2,14,260,4.133333
11820.000000,3,14,271,4.116667
11820.000000,4,14,265,4.100000
11880.000000,0,0,184,5.133333
11880.000000,1,0,221,5.100000
11880.000000,2,0,208,5.133333
11880.000000,3,0,222,5.116667
11880.000000,4,0,224,5.100000
11940.000000,0,0,194,6.133333
11940.000000,1,0,235,6.100000
11940.000000,2,0,216,6.133333
11940.000000,3,0,231,6.116667
11940.000000,4,0,238,6.100000
12000.000000,0,0,223,7.133333
12000.000000,1,0,264,7.100000
12000.000000,2,0,246,7.133333
12000.000000,3,0,261,7.116667
12000.000000,4,0,268,7.100000
12060.000000,0,0,240,0.416667
12060.000000,1,0,282,0.433333
12060.000000,2,0,263,0.433333
12060.000000,3,0,278,0.416667
12060.000000,4,0,285,0.416667
12120.000000,0,0,240,1.416667
12120.000000,1,0,282,1.433333
12120.000000,2,0,263,1.433333
12120.000000,3,0,278,1.416667
12120.000000,4,0,285,1.416667
12180.000000,0,0,240,2.416667
12180.000000,1,0,282,2.433333
12180.000000,2,0,263,2.433333
12180.000000,3,0,278,2.416667
12180.000000,4,0,285,2.416667
12240.000000,0,0,240,3.416667
12240.000000,1,0,282,3.433333
12240.000000,2,0,263,3.433333
12240.000000,3,0,278,3.416667
12240.000000,4,0,285,3.416667
12300.000000,0,0,240,4.416667
12300.000000,1,0,282,4.433333
12300.000000,2,0,263,4.433333
12300.000000,3,0,278,4.416667
12300.000000,4,0,285,4.416667
12360.000000,0,1,195,5.416667
12360.000000,1,1,221,5.433333
12360.000000,2,1,210,5.433333
12360.000000,3,1,226,5.416667
12360.000000,4,1,235,5.416667
12420.000000,0,1,216,6.416667
12420.000000,1,1,234,6.433333
12420.000000,2,1,226,6.433333
12420.000000,3,1,243,6.416667
12420.000000,4,1,253,6.416667
12480.000000,0,1,246,7.416667
12480.000000,1,1,264,7.433333
12480.000000,2,1,257,7.433333
12480.000000,3,1,273,7.416667
12480.000000,4,1,283,7.416667
12540.000000,0,1,255,0.716667
12540.000000,1,1,273,0.716667
12540.000000,2,1,265,0.683333
12540.000000,3,1,282,0.700000
12540.000000,4,1,291,0.683333
12600.000000,0,1,255,1.716667
12600.000000,1,1,273,1.716667
12600.000000,2,1,265,1.683333
12600.000000,3,1,282,1.700000
12600.000000,4,1,291,1.683333
12660.000000,0,1,255,2.716667
12660.000000,1,1,273,2.716667
12660.000000,2,1,265,2.683333
12660.000000,3,1,282,2.700000
12660.000000,4,1,291,2.683333
12720.000000,0,1,255,3.716667
12720.000000,1,1,273,3.716667
12720.000000,2,1,265,3.683333
12720.000000,3,1,282,3.700000
12720.000000,4,1,291,3.683333
12780.000000,0,1,255,4.716667
12780.000000,1,1,273,4.716667
12780.000000,2,1,265,4.683333
12780.000000,3,1,282,4.700000
12780.000000,4,1,291,4.683333
12840.000000,0,2,198,5.716667
12840.000000,1,2,216,5.716667
12840.000000,2,2,200,5.683333
12840.000000,3,2,216,5.700000
12840.000000,4,2,231,5.683333
12900.000000,0,2,222,6.716667
12900.000000,1,2,239,6.716667
12900.000000,2,2,219,6.683333
12900.000000,3,2,234,6.700000
12900.000000,4,2,253,6.683333
12960.000000,0,2,251,7.716667
12960.000000,1,2,269,0.000000
12960.000000,2,2,249,0.000000
12960.000000,3,2,264,7.700000
12960.000000,4,2,283,0.016667
13020.000000,0,2,251,0.983333
13020.000000,1,2,269,1.000000
13020.000000,2,2,249,1.000000
13020.000000,3,2,264,0.983333
13020.000000,4,2,283,1.016667
13080.000000,0,2,251,1.983333
13080.000000,1,2,269,2.000000
13080.000000,2,2,249,2.000000
13080.000000,3,2,264,1.983333
13080.000000,4,2,283,2.016667
13140.000000,0,2,251,2.983333
13140.000000,1,2,269,3.000000
13140.000000,2,2,249,3.000000
13140.000000,3,2,264,2.983333
13140.000000,4,2,283,3.016667
13200.000000,0,2,251,3.983333
13200.000000,1,2,269,4.000000
13200.000000,2,2,249,4.000000
13200.000000,3,2,264,3.983333
13200.000000,4,2,283,4.016667
13260.000000,0,2,251,4.983333
13260.000000,1,3,217,5.000000
13260.000000,2,2,249,5.000000
13260.000000,3,3,199,4.983333
13260.000000,4,2,283,5.016667
13320.000000,0,3,203,5.983333
13320.000000,1,3,221,6.000000
13320.000000,2,3,185,6.000000
13320.000000,3,3,199,5.983333
13320.000000,4,3,225,6.016667
13380.000000,0,3,234,6.983333
13380.000000,1,3,252,7.000000
13380.000000,2,3,213,7.000000
13380.000000,3,3,228,6.983333
13380.000000,4,3,255,7.016667
13440.000000,0,3,252,0.366667
13440.000000,1,3,270,0.366667
13440.000000,2,3,232,0.366667
13440.000000,3,3,246,0.350000
13440.000000,4,3,274,0.366667
13500.000000,0,3,252,1.366667
13500.000000,1,3,270,1.366667
13500.000000,2,3,232,1.366667
13500.000000,3,3,246,1.350000
13500.000000,4,3,274,1.366667
13560.000000,0,3,252,2.366667
13560.000000,1,3,270,2.366667
13560.000000,2,3,232,2.366667
13560.000000,3,3,246,2.350000
13560.000000,4,3,274,2.366667
13620.000000,0,3,252,3.366667
13620.000000,1,3,270,3.366667
13620.000000,2,3,232,3.366667
13620.000000,3,3,246,3.350000
13620.000000,4,3,274,3.366667
13680.000000,0,3,252,4.366667
13680.000000,1,3,270,4.366667
13680.000000,2,3,232,4.366667
13680.000000,3,3,246,4.350000
13680.000000,4,3,274,4.366667
13740.000000,0,4,210,5.366667
13740.000000,1,4,221,5.366667
13740.000000,2,4,195,5.366667
13740.000000,3,4,199,5.350000
13740.000000,4,4,218,5.366667
13800.000000,0,4,231,6.366667
13800.000000,1,4,238,6.366667
13800.000000,2,4,218,6.366667
13800.000000,3,4,217,6.350000
13800.000000,4,4,232,6.366667
13860.000000,0,4,261,7.366667
13860.000000,1,4,268,7.366667
13860.000000,2,4,248,7.366667
13860.000000,3,4,247,7.350000
13860.000000,4,4,262,7.366667
13920.000000,0,4,267,0.800000
13920.000000,1,4,274,0.766667
13920.000000,2,4,254,0.783333
13920.000000,3,4,253,0.766667
13920.000000,4,4,268,0.783333
13980.000000,0,4,267,1.800000
13980.000000,1,4,274,1.766667
13980.000000,2,4,254,1.783333
13980.000000,3,4,253,1.766667
13980.000000,4,4,268,1.783333
14040.000000,0,4,267,2.800000
14040.000000,1,4,274,2.766667
14040.000000,2,4,254,2.783333
14040.000000,3,4,253,2.766667
14040.000000,4,4,268,2.783333
14100.000000,0,4,267,3.800000
14100.000000,1,4,274,3.766667
14100.000000,2,4,254,3.783333
14100.000000,3,4,253,3.766667
14100.000000,4,4,268,3.783333
14160.000000,0,4,267,4.800000
14160.000000,1,4,274,4.766667
14160.000000,2,4,254,4.783333
14160.000000,3,4,253,4.766667
14160.000000,4,4,268,4.783333
14220.000000,0,5,218,5.800000
14220.000000,1,5,221,5.766667
14220.000000,2,5,203,5.783333
14220.000000,3,5,217,5.766667
14220.000000,4,5,205,5.783333
14280.000000,0,5,247,6.800000
14280.000000,1,5,248,6.766667
14280.000000,2,5,231,6.783333
14280.000000,3,5,247,6.766667
14280.000000,4,5,228,6.783333
14340.000000,0,5,274,0.116667
14340.000000,1,5,275,0.083333
14340.000000,2,5,258,0.100000
14340.000000,3,5,274,0.116667
14340.000000,4,5,254,0.083333
14400.000000,0,5,274,1.116667
14400.000000,1,5,275,1.083333
14400.000000,2,5,258,1.100000
14400.000000,3,5,274,1.116667
14400.000000,4,5,254,1.083333
14460.000000,0,5,274,2.116667
14460.000000,1,5,275,2.083333
14460.000000,2,5,258,2.100000
14460.000000,3,5,274,2.116667
14460.000000,4,5,254,2.083333
14520.000000,0,5,274,3.116667
14520.000000,1,5,275,3.083333
14520.000000,2,5,258,3.100000
14520.000000,3,5,274,3.116667
14520.000000,4,5,254,3.083333
14580.000000,0,5,274,4.116667
14580.000000,1,5,275,4.083333
14580.000000,2,5,258,4.100000
14580.000000,3,5,274,4.116667
14580.000000,4,5,254,4.083333
14640.000000,0,6,213,5.116667
14640.000000,1,6,218,5.083333
14640.000000,2,6,216,5.100000
14640.000000,3,6,217,5.116667
14640.000000,4,6,193,5.083333
14700.000000,0,6,215,6.116667
14700.000000,1,6,223,6.083333
14700.000000,2,6,229,6.100000
14700.000000,3,6,221,6.116667
14700.000000,4,6,196,6.083333
14760.000000,0,6,245,7.116667
14760.000000,1,6,253,7.083333
14760.000000,2,6,259,7.100000
14760.000000,3,6,251,7.116667
14760.000000,4,6,226,7.083333
14820.000000,0,6,266,0.300000
14820.000000,1,6,274,0.300000
14820.000000,2,6,280,0.283333
14820.000000,3,6,273,0.283333
14820.000000,4,6,248,0.266667
14880.000000,0,6,266,1.300000
14880.000000,1,6,274,1.300000
14880.000000,2,6,280,1.283333
14880.000000,3,6,273,1.283333
14880.000000,4,6,248,1.266667
14940.000000,0,6,266,2.300000
14940.000000,1,6,274,2.300000
14940.000000,2,6,280,2.283333
14940.000000,3,6,273,2.283333
14940.000000,4,6,248,2.266667
15000.000000,0,6,266,3.300000
15000.000000,1,6,274,3.300000
15000.000000,2,6,280,3.283333
15000.000000,3,6,273,3.283333
15000.000000,4,6,248,3.266667
15060.000000,0,6,266,4.300000
15060.000000,1,6,274,4.300000
15060.000000,2,6,280,4.283333
15060.000000,3,6,273,4.283333
15060.000000,4,6,248,4.266667
15120.000000,0,7,213,5.300000
15120.000000,1,7,222,5.300000
15120.000000,2,7,227,5.283333
15120.000000,3,7,220,5.283333
15120.000000,4,7,206,5.266667
15180.000000,0,7,226,6.300000
15180.000000,1,7,235,6.300000
15180.000000,2,7,239,6.283333
15180.000000,3,7,232,6.283333
15180.000000,4,7,224,6.266667
15240.000000,0,7,256,7.300000
15240.000000,1,7,265,7.300000
15240.000000,2,7,269,7.283333
15240.000000,3,7,262,7.283333
15240.000000,4,7,254,7.266667
15300.000000,0,7,276,0.333333
15300.000000,1,7,285,0.316667
15300.000000,2,7,290,0.316667
15300.000000,3,7,282,0.333333
15300.000000,4,7,274,0.316667
15360.000000,0,7,276,1.333333
15360.000000,1,7,285,1.316667
15360.000000,2,7,290,1.316667
15360.000000,3,7,282,1.333333
15360.000000,4,7,274,1.316667
15420.000000,0,7,276,2.333333
15420.000000,1,7,285,2.316667
15420.000000,2,7,290,2.316667
15420.000000,3,7,282,2.333333
15420.000000,4,7,274,2.316667
15480.000000,0,7,276,3.333333
15480.000000,1,7,285,3.316667
15480.000000,2,7,290,3.316667
15480.000000,3,7,282,3.333333
15480.000000,4,7,274,3.316667
15540.000000,0,7,276,4.333333
15540.000000,1,7,285,4.316667
15540.000000,2,7,290,4.316667
15540.000000,3,7,282,4.333333
15540.000000,4,7,274,4.316667
15600.000000,0,8,218,5.333333
15600.000000,1,8,218,5.316667
15600.000000,2,8,233,5.316667
15600.000000,3,8,204,5.333333
15600.000000,4,8,219,5.316667
15660.000000,0,8,229,6.333333
15660.000000,1,8,224,6.316667
15660.000000,2,8,245,6.316667
15660.000000,3,8,205,6.333333
15660.000000,4,8,232,6.316667
15720.000000,0,8,259,7.333333
15720.000000,1,8,254,7.316667
15720.000000,2,8,275,7.316667
15720.000000,3,8,235,7.333333
15720.000000,4,8,262,7.316667
15780.000000,0,8,278,0.383333
15780.000000,1,8,273,0.350000
15780.000000,2,8,294,0.366667
15780.000000,3,8,254,0.350000
15780.000000,4,8,281,0.350000
15840.000000,0,8,278,1.383333
15840.000000,1,8,273,1.350000
15840.000000,2,8,294,1.366667
15840.000000,3,8,254,1.350000
15840.000000,4,8,281,1.350000
15900.000000,0,8,278,2.383333
15900.000000,1,8,273,2.350000
15900.000000,2,8,294,2.366667
15900.000000,3,8,254,2.350000
15900.000000,4,8,281,2.350000
15960.000000,0,8,278,3.383333
15960.000000,1,8,273,3.350000
15960.000000,2,8,294,3.366667
15960.000000,3,8,254,3.350000
15960.000000,4,8,281,3.350000
16020.000000,0,8,278,4.383333
16020.000000,1,8,273,4.350000
16020.000000,2,8,294,4.366667
16020.000000,3,8,254,4.350000
16020.000000,4,8,281,4.350000
16080.000000,0,9,218,5.383333
16080.000000,1,9,225,5.350000
16080.000000,2,9,234,5.366667
16080.000000,3,9,207,5.350000
16080.000000,4,9,219,5.350000
16140.000000,0,9,229,6.383333
16140.000000,1,9,242,6.350000
16140.000000,2,9,245,6.366667
16140.000000,3,9,224,6.350000
16140.000000,4,9,230,6.350000
16200.000000,0,9,259,7.383333
16200.000000,1,9,272,7.350000
16200.000000,2,9,275,7.366667
16200.000000,3,9,254,7.350000
16200.000000,4,9,260,7.350000
16260.000000,0,9,270,0.650000
16260.000000,1,9,283,0.650000
16260.000000,2,9,286,0.633333
16260.000000,3,9,265,0.616667
16260.000000,4,9,270,0.633333
16320.000000,0,9,270,1.650000
16320.000000,1,9,283,1.650000
16320.000000,2,9,286,1.633333
16320.000000,3,9,265,1.616667
16320.000000,4,9,270,1.633333
16380.000000,0,9,270,2.650000
16380.000000,1,9,283,2.650000
16380.000000,2,9,286,2.633333
16380.000000,3,9,265,2.616667
16380.000000,4,9,270,2.633333
16440.000000,0,9,270,3.650000
16440.000000,1,9,283,3.650000
16440.000000,2,9,286,3.633333
16440.000000,3,9,265,3.616667
16440.000000,4,9,270,3.633333
16500.000000,0,9,270,4.650000
16500.000000,1,9,283,4.650000
16500.000000,2,9,286,4.633333
16500.000000,3,9,265,4.616667
16500.000000,4,9,270,4.633333
16560.000000,0,10,221,5.650000
16560.000000,1,10,228,5.650000
16560.000000,2,10,231,5.633333
16560.000000,3,10,209,5.616667
16560.000000,4,10,233,5.633333
16620.000000,0,10,246,6.650000
16620.000000,1,10,250,6.650000
16620.000000,2,10,252,6.633333
16620.000000,3,10,230,6.616667
16620.000000,4,10,263,6.633333
16680.000000,0,10,275,0.050000
16680.000000,1,10,278,0.033333
16680.000000,2,10,281,0.050000
16680.000000,3,10,259,0.033333
16680.000000,4,10,292,0.033333
16740.000000,0,10,275,1.050000
16740.000000,1,10,278,1.033333
16740.000000,2,10,281,1.050000
16740.000000,3,10,259,1.033333
16740.000000,4,10,292,1.033333
16800.000000,0,10,275,2.050000
16800.000000,1,10,278,2.033333
16800.000000,2,10,281,2.050000
16800.000000,3,10,259,2.033333
16800.000000,4,10,292,2.033333
16860.000000,0,10,275,3.050000
16860.000000,1,10,278,3.033333
16860.000000,2,10,281,3.050000
16860.000000,3,10,259,3.033333
16860.000000,4,10,292,3.033333
16920.000000,0,10,275,4.050000
16920.000000,1,10,278,4.033333
16920.000000,2,10,281,4.050000
16920.000000,3,10,259,4.033333
16920.000000,4,10,292,4.033333
16980.000000,0,11,220,5.050000
16980.000000,1,11,223,5.033333
16980.000000,2,11,220,5.050000
16980.000000,3,11,203,5.033333
16980.000000,4,11,240,5.033333
17040.000000,0,11,224,6.050000
17040.000000,1,11,227,6.033333
17040.000000,2,11,221,6.050000
17040.000000,3,11,206,6.033333
17040.000000,4,11,246,6.033333
17100.000000,0,11,254,7.050000
17100.000000,1,11,257,7.033333
17100.000000,2,11,251,7.050000
17100.000000,3,11,236,7.033333
17100.000000,4,11,276,7.033333
17160.000000,0,11,276,0.283333
17160.000000,1,11,279,0.283333
17160.000000,2,11,273,0.266667
17160.000000,3,11,258,0.250000
17160.000000,4,11,297,0.266667
17220.000000,0,11,276,1.283333
17220.000000,1,11,279,1.283333
17220.000000,2,11,273,1.266667
17220.000000,3,11,258,1.250000
17220.000000,4,11,297,1.266667
17280.000000,0,11,276,2.283333
17280.000000,1,11,279,2.283333
17280.000000,2,11,273,2.266667
17280.000000,3,11,258,2.250000
17280.000000,4,11,297,2.266667
17340.000000,0,11,276,3.283333
17340.000000,1,11,279,3.283333
17340.000000,2,11,273,3.266667
17340.000000,3,11,258,3.250000
17340.000000,4,11,297,3.266667
17400.000000,0,11,276,4.283333
17400.000000,1,11,279,4.283333
17400.000000,2,11,273,4.266667
17400.000000,3,11,258,4.250000
17400.000000,4,11,297,4.266667
17460.000000,0,12,229,5.283333
17460.000000,1,12,222,5.283333
17460.000000,2,12,215,5.266667
17460.000000,3,12,202,5.250000
17460.000000,4,12,228,5.266667
17520.000000,0,12,245,6.283333
17520.000000,1,12,232,6.283333
17520.000000,2,12,224,6.266667
17520.000000,3,12,213,6.250000
17520.000000,4,12,233,6.266667
17580.000000,0,12,274,7.283333
17580.000000,1,12,262,7.283333
17580.000000,2,12,254,7.266667
17580.000000,3,12,242,7.250000
17580.000000,4,12,262,7.266667
17640.000000,0,12,292,0.400000
17640.000000,1,12,280,0.400000
17640.000000,2,12,272,0.383333
17640.000000,3,12,260,0.416667
17640.000000,4,12,280,0.400000
17700.000000,0,12,292,1.400000
17700.000000,1,12,280,1.400000
17700.000000,2,12,272,1.383333
17700.000000,3,12,260,1.416667
17700.000000,4,12,280,1.400000
17760.000000,0,12,292,2.400000
17760.000000,1,12,280,2.400000
17760.000000,2,12,272,2.383333
17760.000000,3,12,260,2.416667
17760.000000,4,12,280,2.400000
17820.000000,0,12,292,3.400000
17820.000000,1,12,280,3.400000
17820.000000,2,12,272,3.383333
17820.000000,3,12,260,3.416667
17820.000000,4,12,280,3.400000
17880.000000,0,12,292,4.400000
17880.000000,1,12,280,4.400000
17880.000000,2,12,272,4.383333
17880.000000,3,12,260,4.416667
17880.000000,4,12,280,4.400000
17940.000000,0,13,228,5.400000
17940.000000,1,13,240,5.400000
17940.000000,2,13,214,5.383333
17940.000000,3,13,204,5.416667
17940.000000,4,13,230,5.400000
18000.000000,0,13,239,6.400000
18000.000000,1,13,262,6.400000
18000.000000,2,13,228,6.383333
18000.000000,3,13,219,6.416667
18000.000000,4,13,248,6.400000
18060.000000,0,13,268,7.400000
18060.000000,1,13,292,7.400000
18060.000000,2,13,258,7.383333
18060.000000,3,13,248,7.416667
18060.000000,4,13,277,7.400000
18120.000000,0,13,282,0.533333
18120.000000,1,13,305,0.533333
18120.000000,2,13,272,0.550000
18120.000000,3,13,262,0.550000
18120.000000,4,13,291,0.533333
18180.000000,0,13,282,1.533333
18180.000000,1,13,305,1.533333
18180.000000,2,13,272,1.550000
18180.000000,3,13,262,1.550000
18180.000000,4,13,291,1.533333
18240.000000,0,13,282,2.533333
18240.000000,1,13,305,2.533333
18240.000000,2,13,272,2.550000
18240.000000,3,13,262,2.550000
18240.000000,4,13,291,2.533333
18300.000000,0,13,282,3.533333
18300.000000,1,13,305,3.533333
18300.000000,2,13,272,3.550000
18300.000000,3,13,262,3.550000
18300.000000,4,13,291,3.533333
18360.000000,0,13,282,4.533333
18360.000000,1,13,305,4.533333
18360.000000,2,13,272,4.550000
18360.000000,3,13,262,4.550000
18360.000000,4,13,291,4.533333
18420.000000,0,14,232,5.533333
18420.000000,1,14,247,5.533333
18420.000000,2,14,211,5.550000
18420.000000,3,14,216,5.550000
18420.000000,4,14,228,5.533333
18480.000000,0,14,253,6.533333
18480.000000,1,14,265,6.533333
18480.000000,2,14,227,6.550000
18480.000000,3,14,239,6.550000
18480.000000,4,14,243,6.533333
18540.000000,0,14,283,7.533333
18540.000000,1,14,295,7.533333
18540.000000,2,14,257,7.550000
18540.000000,3,14,269,7.550000
18540.000000,4,14,273,7.533333
18600.000000,0,14,292,0.683333
18600.000000,1,14,304,0.700000
18600.000000,2,14,266,0.683333
18600.000000,3,14,279,0.700000
18600.000000,4,14,282,0.700000
18660.000000,0,14,292,1.683333
18660.000000,1,14,304,1.700000
18660.000000,2,14,266,1.683333
18660.000000,3,14,279,1.700000
18660.000000,4,14,282,1.700000
18720.000000,0,14,292,2.683333
18720.000000,1,14,304,2.700000
18720.000000,2,14,266,2.683333
18720.000000,3,14,279,2.700000
18720.000000,4,14,282,2.700000
18780.000000,0,14,292,3.683333
18780.000000,1,14,304,3.700000
18780.000000,2,14,266,3.683333
18780.000000,3,14,279,3.700000
18780.000000,4,14,282,3.700000
18840.000000,0,14,292,4.683333
18840.000000,1,14,304,4.700000
18840.000000,2,14,266,4.683333
18840.000000,3,14,279,4.700000
18840.000000,4,14,282,4.700000
18900.000000,0,0,240,5.683333
18900.000000,1,0,239,5.700000
18900.000000,2,0,210,5.683333
18900.000000,3,0,228,5.700000
18900.000000,4,0,226,5.700000
18960.000000,0,0,265,6.683333
18960.000000,1,0,257,6.700000
18960.000000,2,0,233,6.683333
18960.000000,3,0,254,6.700000
18960.000000,4,0,249,6.700000
19020.000000,0,0,295,7.683333
19020.000000,1,0,287,7.700000
19020.000000,2,0,263,7.683333
19020.000000,3,0,284,7.700000
19020.000000,4,0,279,7.700000
19080.000000,0,0,303,0.750000
19080.000000,1,0,294,0.766667
19080.000000,2,0,271,0.766667
19080.000000,3,0,291,0.733333
19080.000000,4,0,286,0.750000
19140.000000,0,0,303,1.750000
19140.000000,1,0,294,1.766667
19140.000000,2,0,271,1.766667
19140.000000,3,0,291,1.733333
19140.000000,4,0,286,1.750000
19200.000000,0,0,303,2.750000
19200.000000,1,0,294,2.766667
19200.000000,2,0,271,2.766667
19200.000000,3,0,291,2.733333
19200.000000,4,0,286,2.750000
19260.000000,0,0,303,3.750000
19260.000000,1,0,294,3.766667
19260.000000,2,0,271,3.766667
19260.000000,3,0,291,3.733333
19260.000000,4,0,286,3.750000
19320.000000,0,0,303,4.750000
19320.000000,1,0,294,4.766667
19320.000000,2,0,271,4.766667
19320.000000,3,0,291,4.733333
19320.000000,4,0,286,4.750000
19380.000000,0,1,247,5.750000
19380.000000,1,1,235,5.766667
19380.000000,2,1,202,5.766667
19380.000000,3,1,235,5.733333
19380.000000,4,1,224,5.750000
19440.000000,0,1,272,6.750000
19440.000000,1,1,259,6.766667
19440.000000,2,1,220,6.766667
19440.000000,3,1,260,6.733333
19440.000000,4,1,246,6.750000
19500.000000,0,1,302,7.750000
19500.000000,1,1,289,7.766667
19500.000000,2,1,250,7.766667
19500.000000,3,1,290,7.733333
19500.000000,4,1,276,7.750000
19560.000000,0,1,312,0.650000
19560.000000,1,1,298,0.666667
19560.000000,2,1,260,0.683333
19560.000000,3,1,300,0.683333
19560.000000,4,1,286,0.650000
19620.000000,0,1,312,1.650000
19620.000000,1,1,298,1.666667
19620.000000,2,1,260,1.683333
19620.000000,3,1,300,1.683333
19620.000000,4,1,286,1.650000
19680.000000,0,1,312,2.650000
19680.000000,1,1,298,2.666667
19680.000000,2,1,260,2.683333
19680.000000,3,1,300,2.683333
19680.000000,4,1,286,2.650000
19740.000000,0,1,312,3.650000
19740.000000,1,1,298,3.666667
19740.000000,2,1,260,3.683333
19740.000000,3,1,300,3.683333
19740.000000,4,1,286,3.650000
19800.000000,0,1,312,4.650000
19800.000000,1,1,298,4.666667
19800.000000,2,1,260,4.683333
19800.000000,3,1,300,4.683333
19800.000000,4,1,286,4.650000
19860.000000,0,2,258,5.650000
19860.000000,1,2,233,5.666667
19860.000000,2,2,192,5.683333
19860.000000,3,2,252,5.683333
19860.000000,4,2,227,5.650000
19920.000000,0,2,281,6.650000
19920.000000,1,2,251,6.666667
19920.000000,2,2,209,6.683333
19920.000000,3,2,278,6.683333
19920.000000,4,2,247,6.650000
19980.000000,0,2,311,7.650000
19980.000000,1,2,281,7.666667
19980.000000,2,2,239,7.683333
19980.000000,3,2,308,7.683333
19980.000000,4,2,277,7.650000
20040.000000,0,2,321,0.700000
20040.000000,1,2,291,0.666667
20040.000000,2,2,248,0.700000
20040.000000,3,2,317,0.683333
20040.000000,4,2,286,0.683333
20100.000000,0,2,321,1.700000
20100.000000,1,2,291,1.666667
20100.000000,2,2,248,1.700000
20100.000000,3,2,317,1.683333
20100.000000,4,2,286,1.683333
20160.000000,0,2,321,2.700000
20160.000000,1,2,291,2.666667
20160.000000,2,2,248,2.700000
20160.000000,3,2,317,2.683333
20160.000000,4,2,286,2.683333
20220.000000,0,2,321,3.700000
20220.000000,1,2,291,3.666667
20220.000000,2,2,248,3.700000
20220.000000,3,2,317,3.683333
20220.000000,4,2,286,3.683333
20280.000000,0,2,321,4.700000
20280.000000,1,2,291,4.666667
20280.000000,2,2,248,4.700000
20280.000000,3,2,317,4.683333
20280.000000,4,2,286,4.683333
20340.000000,0,3,269,5.700000
20340.000000,1,3,220,5.666667
20340.000000,2,3,192,5.700000
20340.000000,3,3,249,5.683333
20340.000000,4,3,223,5.683333
20400.000000,0,3,294,6.700000
20400.000000,1,3,236,6.666667
20400.000000,2,3,215,6.700000
20400.000000,3,3,266,6.683333
20400.000000,4,3,243,6.683333
20460.000000,0,3,324,7.700000
20460.000000,1,3,266,7.666667
20460.000000,2,3,245,7.700000
20460.000000,3,3,296,7.683333
20460.000000,4,3,273,7.683333
20520.000000,0,3,336,0.583333
20520.000000,1,3,278,0.566667
20520.000000,2,3,257,0.583333
20520.000000,3,3,309,0.583333
20520.000000,4,3,285,0.583333
20580.000000,0,3,336,1.583333
20580.000000,1,3,278,1.566667
20580.000000,2,3,257,1.583333
20580.000000,3,3,309,1.583333
20580.000000,4,3,285,1.583333
20640.000000,0,3,336,2.583333
20640.000000,1,3,278,2.566667
20640.000000,2,3,257,2.583333
20640.000000,3,3,309,2.583333
20640.000000,4,3,285,2.583333
20700.000000,0,3,336,3.583333
20700.000000,1,3,278,3.566667
20700.000000,2,3,257,3.583333
20700.000000,3,3,309,3.583333
20700.000000,4,3,285,3.583333
20760.000000,0,3,336,4.583333
20760.000000,1,3,278,4.566667
20760.000000,2,3,257,4.583333
20760.000000,3,3,309,4.583333
20760.000000,4,3,285,4.583333
20820.000000,0,4,271,5.583333
20820.000000,1,4,224,5.566667
20820.000000,2,4,195,5.583333
20820.000000,3,4,249,5.583333
20820.000000,4,4,218,5.583333
20880.000000,0,4,286,6.583333
20880.000000,1,4,245,6.566667
20880.000000,2,4,212,6.583333
20880.000000,3,4,267,6.583333
20880.000000,4,4,233,6.583333
20940.000000,0,4,316,7.583333
20940.000000,1,4,275,7.566667
20940.000000,2,4,242,7.583333
20940.000000,3,4,297,7.583333
20940.000000,4,4,263,7.583333
21000.000000,0,4,323,0.766667
21000.000000,1,4,282,0.750000
21000.000000,2,4,249,0.750000
21000.000000,3,4,304,0.750000
21000.000000,4,4,270,0.750000
21060.000000,0,4,323,1.766667
21060.000000,1,4,282,1.750000
21060.000000,2,4,249,1.750000
21060.000000,3,4,304,1.750000
21060.000000,4,4,270,1.750000
21120.000000,0,4,323,2.766667
21120.000000,1,4,282,2.750000
21120.000000,2,4,249,2.750000
21120.000000,3,4,304,2.750000
21120.000000,4,4,270,2.750000
21180.000000,0,4,323,3.766667
21180.000000,1,4,282,3.750000
21180.000000,2,4,249,3.750000
21180.000000,3,4,304,3.750000
21180.000000,4,4,270,3.750000
21240.000000,0,4,323,4.766667
21240.000000,1,4,282,4.750000
21240.000000,2,4,249,4.750000
21240.000000,3,4,304,4.750000
21240.000000,4,4,270,4.750000
21300.000000,0,5,258,5.766667
21300.000000,1,5,225,5.750000
21300.000000,2,5,206,5.750000
21300.000000,3,5,241,5.750000
21300.000000,4,5,228,5.750000
21360.000000,0,5,279,6.766667
21360.000000,1,5,250,6.750000
21360.000000,2,5,236,6.750000
21360.000000,3,5,263,6.750000
21360.000000,4,5,258,6.750000
21420.000000,0,5,308,7.766667
21420.000000,1,5,279,7.750000
21420.000000,2,5,266,7.750000
21420.000000,3,5,292,7.750000
21420.000000,4,5,287,7.750000
21480.000000,0,5,315,0.800000
21480.000000,1,5,286,0.766667
21480.000000,2,5,272,0.766667
21480.000000,3,5,299,0.783333
21480.000000,4,5,294,0.766667
21540.000000,0,5,315,1.800000
21540.000000,1,5,286,1.766667
21540.000000,2,5,272,1.766667
21540.000000,3,5,299,1.783333
21540.000000,4,5,294,1.766667
21600.000000,0,5,315,2.800000
21600.000000,1,5,286,2.766667
21600.000000,2,5,272,2.766667
21600.000000,3,5,299,2.783333
21600.000000,4,5,294,2.766667
21660.000000,0,5,315,3.800000
21660.000000,1,5,286,3.766667
21660.000000,2,5,272,3.766667
21660.000000,3,5,299,3.783333
21660.000000,4,5,294,3.766667
21720.000000,0,5,315,4.800000
21720.000000,1,5,286,4.766667
21720.000000,2,5,272,4.766667
21720.000000,3,5,299,4.783333
21720.000000,4,5,294,4.766667
21780.000000,0,6,242,5.800000
21780.000000,1,6,228,5.766667
21780.000000,2,6,219,5.766667
21780.000000,3,6,243,5.783333
21780.000000,4,6,241,5.766667
21840.000000,0,6,259,6.800000
21840.000000,1,6,252,6.766667
21840.000000,2,6,246,6.766667
21840.000000,3,6,268,6.783333
21840.000000,4,6,269,6.766667
21900.000000,0,6,289,7.800000
21900.000000,1,6,283,7.766667
21900.000000,2,6,277,7.766667
21900.000000,3,6,299,7.783333
21900.000000,4,6,299,7.766667
21960.000000,0,6,291,0.916667
21960.000000,1,6,284,0.916667
21960.000000,2,6,279,0.933333
21960.000000,3,6,300,0.933333
21960.000000,4,6,301,0.933333
22020.000000,0,6,291,1.916667
22020.000000,1,6,284,1.916667
22020.000000,2,6,279,1.933333
22020.000000,3,6,300,1.933333
22020.000000,4,6,301,1.933333
22080.000000,0,6,291,2.916667
22080.000000,1,6,284,2.916667
22080.000000,2,6,279,2.933333
22080.000000,3,6,300,2.933333
22080.000000,4,6,301,2.933333
22140.000000,0,6,291,3.916667
22140.000000,1,6,284,3.916667
22140.000000,2,6,279,3.933333
22140.000000,3,6,300,3.933333
22140.000000,4,6,301,3.933333
22200.000000,0,6,291,4.916667
22200.000000,1,6,284,4.916667
22200.000000,2,6,279,4.933333
22200.000000,3,6,300,4.933333
22200.000000,4,6,301,4.933333
22260.000000,0,7,231,5.916667
22260.000000,1,7,230,5.916667
22260.000000,2,7,230,5.933333
22260.000000,3,7,231,5.933333
22260.000000,4,7,245,5.933333
22320.000000,0,7,259,6.916667
22320.000000,1,7,260,6.916667
22320.000000,2,7,260,6.933333
22320.000000,3,7,255,6.933333
22320.000000,4,7,275,6.933333
22380.000000,0,7,287,0.083333
22380.000000,1,7,288,0.050000
22380.000000,2,7,287,0.050000
22380.000000,3,7,283,0.066667
22380.000000,4,7,303,0.050000
22440.000000,0,7,287,1.083333
22440.000000,1,7,288,1.050000
22440.000000,2,7,287,1.050000
22440.000000,3,7,283,1.066667
22440.000000,4,7,303,1.050000
22500.000000,0,7,287,2.083333
22500.000000,1,7,288,2.050000
22500.000000,2,7,287,2.050000
22500.000000,3,7,283,2.066667
22500.000000,4,7,303,2.050000
22560.000000,0,7,287,3.083333
22560.000000,1,7,288,3.050000
22560.000000,2,7,287,3.050000
22560.000000,3,7,283,3.066667
22560.000000,4,7,303,3.050000
22620.000000,0,7,287,4.083333
22620.000000,1,7,288,4.050000
22620.000000,2,7,287,4.050000
22620.000000,3,7,283,4.066667
22620.000000,4,7,303,4.050000
22680.000000,0,8,230,5.083333
22680.000000,1,8,228,5.050000
22680.000000,2,8,223,5.050000
22680.000000,3,8,219,5.066667
22680.000000,4,8,254,5.050000
22740.000000,0,8,233,6.083333
22740.000000,1,8,230,6.050000
22740.000000,2,8,224,6.050000
22740.000000,3,8,219,6.066667
22740.000000,4,8,262,6.050000
22800.000000,0,8,263,7.083333
22800.000000,1,8,260,7.050000
22800.000000,2,8,253,7.050000
22800.000000,3,8,249,7.066667
22800.000000,4,8,292,7.050000
22860.000000,0,8,290,0.100000
22860.000000,1,8,287,0.100000
22860.000000,2,8,281,0.083333
22860.000000,3,8,276,0.066667
22860.000000,4,8,320,0.083333
22920.000000,0,8,290,1.100000
22920.000000,1,8,287,1.100000
22920.000000,2,8,281,1.083333
22920.000000,3,8,276,1.066667
22920.000000,4,8,320,1.083333
22980.000000,0,8,290,2.100000
22980.000000,1,8,287,2.100000
22980.000000,2,8,281,2.083333
22980.000000,3,8,276,2.066667
22980.000000,4,8,320,2.083333
23040.000000,0,8,290,3.100000
23040.000000,1,8,287,3.100000
23040.000000,2,8,281,3.083333
23040.000000,3,8,276,3.066667
23040.000000,4,8,320,3.083333
23100.000000,0,8,290,4.100000
23100.000000,1,8,287,4.100000
23100.000000,2,8,281,4.083333
23100.000000,3,8,276,4.066667
23100.000000,4,8,320,4.083333
23160.000000,0,9,220,5.100000
23160.000000,1,9,228,5.100000
23160.000000,2,9,219,5.083333
23160.000000,3,9,225,5.066667
23160.000000,4,9,260,5.083333
23220.000000,0,9,220,6.100000
23220.000000,1,9,231,6.100000
23220.000000,2,9,220,6.083333
23220.000000,3,9,232,6.066667
23220.000000,4,9,263,6.083333
23280.000000,0,9,248,7.100000
23280.000000,1,9,261,7.100000
23280.000000,2,9,250,7.083333
23280.000000,3,9,262,7.066667
23280.000000,4,9,293,7.083333
23340.000000,0,9,270,0.266667
23340.000000,1,9,283,0.266667
23340.000000,2,9,272,0.300000
23340.000000,3,9,284,0.266667
23340.000000,4,9,315,0.266667
23400.000000,0,9,270,1.266667
23400.000000,1,9,283,1.266667
23400.000000,2,9,272,1.300000
23400.000000,3,9,284,1.266667
23400.000000,4,9,315,1.266667
23460.000000,0,9,270,2.266667
23460.000000,1,9,283,2.266667
23460.000000,2,9,272,2.300000
23460.000000,3,9,284,2.266667
23460.000000,4,9,315,2.266667
23520.000000,0,9,270,3.266667
23520.000000,1,9,283,3.266667
23520.000000,2,9,272,3.300000
23520.000000,3,9,284,3.266667
23520.000000,4,9,315,3.266667
23580.000000,0,9,270,4.266667
23580.000000,1,9,283,4.266667
23580.000000,2,9,272,4.300000
23580.000000,3,9,284,4.266667
23580.000000,4,9,315,4.266667
23640.000000,0,10,216,5.266667
23640.000000,1,10,232,5.266667
23640.000000,2,10,223,5.300000
23640.000000,3,10,219,5.266667
23640.000000,4,10,254,5.266667
23700.000000,0,10,227,6.266667
23700.000000,1,10,246,6.266667
23700.000000,2,10,237,6.300000
23700.000000,3,10,225,6.266667
23700.000000,4,10,262,6.266667
23760.000000,0,10,257,7.266667
23760.000000,1,10,276,7.266667
23760.000000,2,10,267,7.300000
23760.000000,3,10,255,7.266667
23760.000000,4,10,292,7.266667
23820.000000,0,10,273,0.483333
23820.000000,1,10,292,0.466667
23820.000000,2,10,282,0.483333
23820.000000,3,10,270,0.483333
23820.000000,4,10,307,0.483333
23880.000000,0,10,273,1.483333
23880.000000,1,10,292,1.466667
23880.000000,2,10,282,1.483333
23880.000000,3,10,270,1.483333
23880.000000,4,10,307,1.483333
23940.000000,0,10,273,2.483333
23940.000000,1,10,292,2.466667
23940.000000,2,10,282,2.483333
23940.000000,3,10,270,2.483333
23940.000000,4,10,307,2.483333
24000.000000,0,10,273,3.483333
24000.000000,1,10,292,3.466667
24000.000000,2,10,282,3.483333
24000.000000,3,10,270,3.483333
24000.000000,4,10,307,3.483333
24060.000000,0,10,273,4.483333
24060.000000,1,10,292,4.466667
24060.000000,2,10,282,4.483333
24060.000000,3,10,270,4.483333
24060.000000,4,10,307,4.483333
24120.000000,0,11,225,5.483333
24120.000000,1,11,235,5.466667
24120.000000,2,11,235,5.483333
24120.000000,3,11,218,5.483333
24120.000000,4,11,252,5.483333
24180.000000,0,11,245,6.483333
24180.000000,1,11,251,6.466667
24180.000000,2,11,256,6.483333
24180.000000,3,11,237,6.483333
24180.000000,4,11,269,6.483333
24240.000000,0,11,276,7.483333
24240.000000,1,11,282,7.466667
24240.000000,2,11,287,7.483333
24240.000000,3,11,267,7.483333
24240.000000,4,11,300,7.483333
24300.000000,0,11,287,0.633333
24300.000000,1,11,293,0.600000
24300.000000,2,11,298,0.600000
24300.000000,3,11,278,0.600000
24300.000000,4,11,311,0.616667
24360.000000,0,11,287,1.633333
24360.000000,1,11,293,1.600000
24360.000000,2,11,298,1.600000
24360.000000,3,11,278,1.600000
24360.000000,4,11,311,1.616667
24420.000000,0,11,287,2.633333
24420.000000,1,11,293,2.600000
24420.000000,2,11,298,2.600000
24420.000000,3,11,278,2.600000
24420.000000,4,11,311,2.616667
24480.000000,0,11,287,3.633333
24480.000000,1,11,293,3.600000
24480.000000,2,11,298,3.600000
24480.000000,3,11,278,3.600000
24480.000000,4,11,311,3.616667
24540.000000,0,11,287,4.633333
24540.000000,1,11,293,4.600000
24540.000000,2,11,298,4.600000
24540.000000,3,11,278,4.600000
24540.000000,4,11,311,4.616667
24600.000000,0,12,224,5.633333
24600.000000,1,12,231,5.600000
24600.000000,2,12,233,5.600000
24600.000000,3,12,219,5.600000
24600.000000,4,12,248,5.616667
24660.000000,0,12,241,6.633333
24660.000000,1,12,248,6.600000
24660.000000,2,12,249,6.600000
24660.000000,3,12,238,6.600000
24660.000000,4,12,266,6.616667
24720.000000,0,12,271,7.633333
24720.000000,1,12,279,7.600000
24720.000000,2,12,279,7.600000
24720.000000,3,12,269,7.600000
24720.000000,4,12,296,7.616667
24780.000000,0,12,281,0.650000
24780.000000,1,12,289,0.650000
24780.000000,2,12,289,0.666667
24780.000000,3,12,279,0.650000
24780.000000,4,12,306,0.633333
24840.000000,0,12,281,1.650000
24840.000000,1,12,289,1.650000
24840.000000,2,12,289,1.666667
24840.000000,3,12,279,1.650000
24840.000000,4,12,306,1.633333
24900.000000,0,12,281,2.650000
24900.000000,1,12,289,2.650000
24900.000000,2,12,289,2.666667
24900.000000,3,12,279,2.650000
24900.000000,4,12,306,2.633333
24960.000000,0,12,281,3.650000
24960.000000,1,12,289,3.650000
24960.000000,2,12,289,3.666667
24960.000000,3,12,279,3.650000
24960.000000,4,12,306,3.633333
25020.000000,0,12,281,4.650000
25020.000000,1,12,289,4.650000
25020.000000,2,12,289,4.666667
25020.000000,3,12,279,4.650000
25020.000000,4,12,306,4.633333
25080.000000,0,13,211,5.650000
25080.000000,1,13,230,5.650000
25080.000000,2,13,239,5.666667
25080.000000,3,13,216,5.650000
25080.000000,4,13,251,5.633333
25140.000000,0,13,226,6.650000
25140.000000,1,13,251,6.650000
25140.000000,2,13,264,6.666667
25140.000000,3,13,234,6.650000
25140.000000,4,13,274,6.633333
25200.000000,0,13,256,7.650000
25200.000000,1,13,281,7.650000
25200.000000,2,13,294,7.666667
25200.000000,3,13,264,7.650000
25200.000000,4,13,303,7.633333
25260.000000,0,13,262,0.800000
25260.000000,1,13,287,0.816667
25260.000000,2,13,299,0.783333
25260.000000,3,13,269,0.816667
25260.000000,4,13,309,0.816667
25320.000000,0,13,262,1.800000
25320.000000,1,13,287,1.816667
25320.000000,2,13,299,1.783333
25320.000000,3,13,269,1.816667
25320.000000,4,13,309,1.816667
25380.000000,0,13,262,2.800000
25380.000000,1,13,287,2.816667
25380.000000,2,13,299,2.783333
25380.000000,3,13,269,2.816667
25380.000000,4,13,309,2.816667
25440.000000,0,13,262,3.800000
25440.000000,1,13,287,3.816667
25440.000000,2,13,299,3.783333
25440.000000,3,13,269,3.816667
25440.000000,4,13,309,3.816667
25500.000000,0,13,262,4.800000
25500.000000,1,13,287,4.816667
25500.000000,2,13,299,4.783333
25500.000000,3,13,269,4.816667
25500.000000,4,13,309,4.816667
25560.000000,0,14,203,5.800000
25560.000000,1,14,242,5.816667
25560.000000,2,14,239,5.783333
25560.000000,3,14,214,5.816667
25560.000000,4,14,254,5.816667
25620.000000,0,14,228,6.800000
25620.000000,1,14,272,6.816667
25620.000000,2,14,264,6.783333
25620.000000,3,14,241,6.816667
25620.000000,4,14,281,6.816667
25680.000000,0,14,259,7.800000
25680.000000,1,14,302,7.816667
25680.000000,2,14,294,7.783333
25680.000000,3,14,272,7.816667
25680.000000,4,14,311,0.000000
25740.000000,0,14,259,0.983333
25740.000000,1,14,302,0.966667
25740.000000,2,14,294,0.983333
25740.000000,3,14,272,0.983333
25740.000000,4,14,311,1.000000
25800.000000,0,14,259,1.983333
25800.000000,1,14,302,1.966667
25800.000000,2,14,294,1.983333
25800.000000,3,14,272,1.983333
25800.000000,4,14,311,2.000000
25860.000000,0,14,259,2.983333
25860.000000,1,14,302,2.966667
25860.000000,2,14,294,2.983333
25860.000000,3,14,272,2.983333
25860.000000,4,14,311,3.000000
25920.000000,0,14,259,3.983333
25920.000000,1,14,302,3.966667
25920.000000,2,14,294,3.983333
25920.000000,3,14,272,3.983333
25920.000000,4,14,311,4.000000
25980.000000,0,14,259,4.983333
25980.000000,1,14,302,4.966667
25980.000000,2,14,294,4.983333
25980.000000,3,14,272,4.983333
25980.000000,4,14,311,5.000000
26040.000000,0,0,194,5.983333
26040.000000,1,0,240,5.966667
26040.000000,2,0,240,5.983333
26040.000000,3,0,209,5.983333
26040.000000,4,0,239,6.000000
26100.000000,0,0,221,6.983333
26100.000000,1,0,269,6.966667
26100.000000,2,0,270,6.983333
26100.000000,3,0,238,6.983333
26100.000000,4,0,263,7.000000
26160.000000,0,0,251,7.983333
26160.000000,1,0,299,7.966667
26160.000000,2,0,300,7.983333
26160.000000,3,0,268,7.983333
26160.000000,4,0,293,8.000000
26220.000000,0,0,254,0.883333
26220.000000,1,0,302,0.883333
26220.000000,2,0,303,0.883333
26220.000000,3,0,271,0.883333
26220.000000,4,0,297,0.883333
26280.000000,0,0,254,1.883333
26280.000000,1,0,302,1.883333
26280.000000,2,0,303,1.883333
26280.000000,3,0,271,1.883333
26280.000000,4,0,297,1.883333
26340.000000,0,0,254,2.883333
26340.000000,1,0,302,2.883333
26340.000000,2,0,303,2.883333
26340.000000,3,0,271,2.883333
26340.000000,4,0,297,2.883333
26400.000000,0,0,254,3.883333
26400.000000,1,0,302,3.883333
26400.000000,2,0,303,3.883333
26400.000000,3,0,271,3.883333
26400.000000,4,0,297,3.883333
26460.000000,0,0,254,4.883333
26460.000000,1,0,302,4.883333
26460.000000,2,0,303,4.883333
26460.000000,3,0,271,4.883333
26460.000000,4,0,297,4.883333
26520.000000,0,1,204,5.883333
26520.000000,1,1,248,5.883333
26520.000000,2,1,240,5.883333
26520.000000,3,1,214,5.883333
26520.000000,4,1,235,5.883333
26580.000000,0,1,235,6.883333
26580.000000,1,1,278,6.883333
26580.000000,2,1,265,6.883333
26580.000000,3,1,242,6.883333
26580.000000,4,1,261,6.883333
26640.000000,0,1,265,7.883333
26640.000000,1,1,308,7.883333
26640.000000,2,1,296,7.883333
26640.000000,3,1,273,7.883333
26640.000000,4,1,291,7.883333
26700.000000,0,1,271,0.750000
26700.000000,1,1,315,0.766667
26700.000000,2,1,303,0.750000
26700.000000,3,1,280,0.733333
26700.000000,4,1,299,0.766667
26760.000000,0,1,271,1.750000
26760.000000,1,1,315,1.766667
26760.000000,2,1,303,1.750000
26760.000000,3,1,280,1.733333
26760.000000,4,1,299,1.766667
26820.000000,0,1,271,2.750000
26820.000000,1,1,315,2.766667
26820.000000,2,1,303,2.750000
26820.000000,3,1,280,2.733333
26820.000000,4,1,299,2.766667
26880.000000,0,1,271,3.750000
26880.000000,1,1,315,3.766667
26880.000000,2,1,303,3.750000
26880.000000,3,1,280,3.733333
26880.000000,4,1,299,3.766667
26940.000000,0,1,271,4.750000
26940.000000,1,1,315,4.766667
26940.000000,2,1,303,4.750000
26940.000000,3,1,280,4.733333
26940.000000,4,1,299,4.766667
27000.000000,0,2,214,5.750000
27000.000000,1,2,248,5.766667
27000.000000,2,2,250,5.750000
27000.000000,3,2,221,5.733333
27000.000000,4,2,237,5.766667
27060.000000,0,2,239,6.750000
27060.000000,1,2,268,6.766667
27060.000000,2,2,276,6.750000
27060.000000,3,2,245,6.733333
27060.000000,4,2,259,6.766667
27120.000000,0,2,269,7.750000
27120.000000,1,2,297,7.766667
27120.000000,2,2,306,7.750000
27120.000000,3,2,275,7.733333
27120.000000,4,2,289,7.766667
27180.000000,0,2,271,0.950000
27180.000000,1,2,299,0.950000
27180.000000,2,2,307,0.933333
27180.000000,3,2,277,0.950000
27180.000000,4,2,290,0.916667
27240.000000,0,2,271,1.950000
27240.000000,1,2,299,1.950000
27240.000000,2,2,307,1.933333
27240.000000,3,2,277,1.950000
27240.000000,4,2,290,1.916667
27300.000000,0,2,271,2.950000
27300.000000,1,2,299,2.950000
27300.000000,2,2,307,2.933333
27300.000000,3,2,277,2.950000
27300.000000,4,2,290,2.916667
27360.000000,0,2,271,3.950000
27360.000000,1,2,299,3.950000
27360.000000,2,2,307,3.933333
27360.000000,3,2,277,3.950000
27360.000000,4,2,290,3.916667
27420.000000,0,2,271,4.950000
27420.000000,1,2,299,4.950000
27420.000000,2,2,307,4.933333
27420.000000,3,2,277,4.950000
27420.000000,4,2,290,4.916667
27480.000000,0,3,211,5.950000
27480.000000,1,3,260,5.950000
27480.000000,2,3,248,5.933333
27480.000000,3,3,228,5.950000
27480.000000,4,3,244,5.916667
27540.000000,0,3,240,6.950000
27540.000000,1,3,290,6.950000
27540.000000,2,3,277,6.933333
27540.000000,3,3,258,6.950000
27540.000000,4,3,274,6.916667
27600.000000,0,3,261,0.283333
27600.000000,1,3,311,0.283333
27600.000000,2,3,299,0.283333
27600.000000,3,3,280,0.300000
27600.000000,4,3,295,0.266667
27660.000000,0,3,261,1.283333
27660.000000,1,3,311,1.283333
27660.000000,2,3,299,1.283333
27660.000000,3,3,280,1.300000
27660.000000,4,3,295,1.266667
27720.000000,0,3,261,2.283333
27720.000000,1,3,311,2.283333
27720.000000,2,3,299,2.283333
27720.000000,3,3,280,2.300000
27720.000000,4,3,295,2.266667
27780.000000,0,3,261,3.283333
27780.000000,1,3,311,3.283333
27780.000000,2,3,299,3.283333
27780.000000,3,3,280,3.300000
27780.000000,4,3,295,3.266667
27840.000000,0,3,261,4.283333
27840.000000,1,3,311,4.283333
27840.000000,2,3,299,4.283333
27840.000000,3,3,280,4.300000
27840.000000,4,3,295,4.266667
27900.000000,0,4,210,5.283333
27900.000000,1,4,246,5.283333
27900.000000,2,4,241,5.283333
27900.000000,3,4,216,5.300000
27900.000000,4,4,238,5.266667
27960.000000,0,4,224,6.283333
27960.000000,1,4,253,6.283333
27960.000000,2,4,252,6.283333
27960.000000,3,4,223,6.300000
27960.000000,4,4,249,6.266667
28020.000000,0,4,254,7.283333
28020.000000,1,4,283,7.283333
28020.000000,2,4,282,7.283333
28020.000000,3,4,253,7.300000
28020.000000,4,4,279,7.266667
28080.000000,0,4,276,0.233333
28080.000000,1,4,305,0.233333
28080.000000,2,4,304,0.233333
28080.000000,3,4,275,0.233333
28080.000000,4,4,301,0.266667
28140.000000,0,4,276,1.233333
28140.000000,1,4,305,1.233333
28140.000000,2,4,304,1.233333
28140.000000,3,4,275,1.233333
28140.000000,4,4,301,1.266667
28200.000000,0,4,276,2.233333
28200.000000,1,4,305,2.233333
28200.000000,2,4,304,2.233333
28200.000000,3,4,275,2.233333
28200.000000,4,4,301,2.266667
28260.000000,0,4,276,3.233333
28260.000000,1,4,305,3.233333
28260.000000,2,4,304,3.233333
28260.000000,3,4,275,3.233333
28260.000000,4,4,301,3.266667
28320.000000,0,4,276,4.233333
28320.000000,1,4,305,4.233333
28320.000000,2,4,304,4.233333
28320.000000,3,4,275,4.233333
28320.000000,4,4,301,4.266667
28380.000000,0,5,221,5.233333
28380.000000,1,5,247,5.233333
28380.000000,2,5,251,5.233333
28380.000000,3,5,220,5.233333
28380.000000,4,5,249,5.266667
28440.000000,0,5,231,6.233333
28440.000000,1,5,256,6.233333
28440.000000,2,5,262,6.233333
28440.000000,3,5,231,6.233333
28440.000000,4,5,261,6.266667
28500.000000,0,5,261,7.233333
28500.000000,1,5,285,7.233333
28500.000000,2,5,292,7.233333
28500.000000,3,5,261,7.233333
28500.000000,4,5,290,7.266667
28560.000000,0,5,277,0.466667
28560.000000,1,5,301,0.450000
28560.000000,2,5,308,0.466667
28560.000000,3,5,277,0.483333
28560.000000,4,5,306,0.450000
28620.000000,0,5,277,1.466667
28620.000000,1,5,301,1.450000
28620.000000,2,5,308,1.466667
28620.000000,3,5,277,1.483333
28620.000000,4,5,306,1.450000
28680.000000,0,5,277,2.466667
28680.000000,1,5,301,2.450000
28680.000000,2,5,308,2.466667
28680.000000,3,5,277,2.483333
28680.000000,4,5,306,2.450000
28740.000000,0,5,277,3.466667
28740.000000,1,5,301,3.450000
28740.000000,2,5,308,3.466667
28740.000000,3,5,277,3.483333
28740.000000,4,5,306,3.450000
28800.000000,0,5,277,4.466667
28800.000000,1,5,301,4.450000
28800.000000,2,5,308,4.466667
28800.000000,3,5,277,4.483333
28800.000000,4,5,306,4.450000
